{"ParkingExit": 55.82841603627302, "VehicleOpensDoorTwoWays": 138.5568219013326, "OppositeVehicleRunningRedLight": 137.69662980984953, "HazardAtSideLane": 340.72317814101, "SignalizedJunctionLeftTurn": 142.44001502948458, "ParkedObstacleTwoWays": 192.5974819456533, "DynamicObjectCrossing": 147.7678892955331, "OppositeVehicleTakingPriority": 133.6760391490816, "ConstructionObstacleTwoWays": 203.9667392668975, "NonSignalizedJunctionRightTurn": 131.36815206629709, "Accident": 222.97676335803425, "BlockedIntersection": 97.61767984637589, "NonSignalizedJunctionLeftTurn": 141.51264141045425, "ControlLoss": 157.33483724925205, "HardBreakRoute": 126.26869359233638, "InvadingTurn": 187.25916522068914, "AccidentTwoWays": 212.12205234512027, "VehicleTurningRoutePedestrian": 149.04000511029298, "VehicleTurningRoute": 156.2401901212988, "ConstructionObstacle": 199.14149488598989, "PriorityAtJunction": 152.45587938940008, "ParkingCutIn": 133.41018691641844, "SignalizedJunctionRightTurn": 134.6556604512318, "PedestrianCrossing": 125.1895821724051, "HazardAtSideLaneTwoWays": 337.54024369970085, "ParkingCrossingPedestrian": 127.48197939392611, "CrossingBicycleFlow": 142.90653686233543, "ParkedObstacle": 191.57625405627007, "InterurbanAdvancedActorFlow": 221.31553520790868, "InterurbanActorFlow": 212.0178399265179, "EnterActorFlowV2": 445.6264651170092, "StaticCutIn": 209.79078587867582, "YieldToEmergencyVehicle": 411.42055517130746, "HighwayCutIn": 377.9875829882747, "MergerIntoSlowTraffic": 419.1861282949795, "EnterActorFlow": 274.637108164297, "HighwayExit": 364.5716201018104, "MergerIntoSlowTrafficV2": 628.0065285434885}